{
  "project_info": {
    "project_number": "658492443119",
    "project_id": "verduritassa-jordanmorales",
    "storage_bucket": "verduritassa-jordanmorales.firebasestorage.app"
  },
  "client": [
    {
      "client_info": {
        "mobilesdk_app_id": "1:658492443119:android:9d1b92cc694ab4b0610e1a",
        "android_client_info": {
          "package_name": "jordan.morales.verduritassa"
        }
      },
      "oauth_client": [
        {
          "client_id": "658492443119-30g9q18cv24dc30hrr8taa59sifimhes.apps.googleusercontent.com",
          "client_type": 1,
          "android_info": {
            "package_name": "jordan.morales.verduritassa",
            "certificate_hash": "51cbe5bf424e0b6a7451c187256336cf40933231"
          }
        },
        {
          "client_id": "658492443119-1s5l3u0hvap8vmcmsht8ecmf4utlntiv.apps.googleusercontent.com",
          "client_type": 3
        }
      ],
      "api_key": [
        {
          "current_key": "AIzaSyAdSRa8x4WLy_ucj8dA3nEtXQMeUoFJM2c"
        }
      ],
      "services": {
        "appinvite_service": {
          "other_platform_oauth_client": [
            {
              "client_id": "658492443119-1s5l3u0hvap8vmcmsht8ecmf4utlntiv.apps.googleusercontent.com",
              "client_type": 3
            }
          ]
        }
      }
    }
  ],
  "configuration_version": "1"
}